suppliers_id,name,address,phone,email
143.0,Guerrero LLC,"280 Marquez Field Apt. 454
East Elizabeth, NY 65897",833-259-8263x689,rwilliams@example.org
996.0,"Hurst, Ward and Taylor","6470 Edward Crest Apt. 453
North Jenniferport, OH 61251",+1-276-639-8497,ericlawrence@example.net
205.0,"Harrison, Galloway and Gonzalez","51630 Smith Junctions Suite 362
Andrewtown, NC 08018",886-704-7986,meredith45@example.net
244.0,Doyle-Vazquez,"4167 Gonzales Lock Suite 030
Elainemouth, TX 22063",001-659-841-3360x4300,gambledonald@example.com
529.0,"Kramer, Andrews and Mcfarland","4515 Stephanie Walk
Sheilaland, CT 10318",9726023547,jdelgado@example.org
31.0,Newman Inc,"9201 James Court
Lake Jill, GU 61955",001-539-288-2547x863,bwatson@example.net
174.0,"White, Ramirez and Compton","41354 Mcneil Inlet
Lake Daniel, MN 57449",543.584.1683,lawsonjoseph@example.net
951.0,Harrison-Marshall,"804 Reed Manor Suite 828
Marilynton, MH 49817",8479347663,davidward@example.com
986.0,Turner-Young,"222 King Forks
Tonibury, PA 57372",446.520.8375,warrenandrew@example.net
147.0,"Hill, Gibson and Watson","6683 Sharon Orchard
Lake David, MA 05809",+1-818-393-2764x08159,baileyjennifer@example.org
