caregiver_id,caregiver_name,certificate_type,certificate_expiration_date
211.0,Amanda Flowers,C,2025-08-01
611.0,Tammie Murray,D,2031-03-22
585.0,Jose Jackson,C,2031-07-19
730.0,Heather Williams,A,2033-08-02
230.0,Eileen Burns,A,2032-01-19
599.0,Taylor Miles,D,2027-10-30
801.0,Helen Becker,D,2029-01-31
639.0,Gabrielle Brown,D,2026-08-28
159.0,Nicole Stone,D,2029-03-31
62.0,William Holder,A,2026-10-29
885.0,Trevor Fritz,C,2024-11-16
259.0,Karen Perez,C,2029-12-23
41.0,Taylor Mclaughlin,C,2028-12-18
728.0,Erica Sullivan,B,2032-06-23
222.0,Mandy Hoover,C,2026-08-12
337.0,Mary Eaton,B,2029-03-14
333.0,Natalie Thompson MD,B,2025-01-24
386.0,Valerie Barry,B,2030-11-26
431.0,Brooke Black,C,2028-02-18
654.0,Ethan Rodriguez,D,2032-11-29
